branch,student_count,avg_cgpa,avg_stress_risk,avg_productivity,avg_support_need,avg_exam_score
CIVIL,19,6.97821052631579,4.052631578947368,0.10526315789473684,1.8421052631578947,90.36842105263158
CSE,46,7.2536956521739135,4.239130434782608,-0.08695652173913043,1.8043478260869565,91.8913043478261
ECE,79833,7.125099783297634,3.000964513421768,-0.00037578445003945735,0.0014780855034885324,89.13931582177796
EEE,50,7.10696,3.52,-0.06,1.14,90.02
IT,16,7.148125,3.9375,0.0,2.0625,84.375
MECH,28,7.313571428571429,3.8214285714285716,0.17857142857142858,1.4285714285714286,90.85714285714286
PROD,9,7.184777777777778,3.888888888888889,0.1111111111111111,1.4444444444444444,90.0
