career_path,student_count,avg_cgpa,avg_academic_score,avg_technical_score,avg_employability_signal
academic,27,8.229259259259258,61.532716049382714,7.62962962962963,11.518518518518519
balanced,46,6.994282608695653,56.29461594202898,5.717391304347826,9.347826086956522
business,79858,7.124905782764407,57.589159700134395,8.997119887800846,12.997044754439129
technical,70,7.1265,56.17740476190477,11.521428571428572,18.692857142857143
