semester,student_count,avg_exam_score,avg_cgpa
1,10151,89.10442320953601,7.1249850261058025
2,10000,89.0686,7.124934
3,9894,89.10339599757428,7.125344653325248
4,9868,89.22760437778679,7.125626165383057
5,10026,89.27688011170956,7.125068821065231
6,9978,89.12327119663259,7.125153638003607
7,10181,89.20076613299283,7.125454474020233
8,9903,89.02564879329496,7.125076340502877
